Datetime,Water Level (m)
2025-05-14 06:00:00,0.09396156
2025-05-14 07:00:00,0.009747576
2025-05-14 08:00:00,-0.06125654
2025-05-14 09:00:00,-0.08259299
2025-05-14 10:00:00,-0.04264286
2025-05-14 11:00:00,0.063785516
2025-05-14 12:00:00,0.19615601
2025-05-14 13:00:00,0.32540083
2025-05-14 14:00:00,0.43448842
2025-05-14 15:00:00,0.49655095
2025-05-14 16:00:00,0.49248394
2025-05-14 17:00:00,0.43623942
2025-05-14 18:00:00,0.3475027
2025-05-14 19:00:00,0.25217476
2025-05-14 20:00:00,0.1654476
2025-05-14 21:00:00,0.10349606
2025-05-14 22:00:00,0.09153829
2025-05-14 23:00:00,0.12563245
2025-05-15 00:00:00,0.21850473
2025-05-15 01:00:00,0.31508029
2025-05-15 02:00:00,0.38709933
2025-05-15 03:00:00,0.4148818
2025-05-15 04:00:00,0.38990548
2025-05-15 05:00:00,0.32431623
2025-05-15 06:00:00,0.24198246
2025-05-15 07:00:00,0.15863469
2025-05-15 08:00:00,0.078753054
2025-05-15 09:00:00,0.025281059
2025-05-15 10:00:00,0.025703214
2025-05-15 11:00:00,0.0857545
2025-05-15 12:00:00,0.20974138
2025-05-15 13:00:00,0.3466865
2025-05-15 14:00:00,0.4741741
2025-05-15 15:00:00,0.56472975
2025-05-15 16:00:00,0.5977234
2025-05-15 17:00:00,0.56141245
2025-05-15 18:00:00,0.48351058
2025-05-15 19:00:00,0.38927633
2025-05-15 20:00:00,0.29371774
2025-05-15 21:00:00,0.21190086
2025-05-15 22:00:00,0.16464682
2025-05-15 23:00:00,0.16269642
2025-05-16 00:00:00,0.21013974
2025-05-16 01:00:00,0.30720457
2025-05-16 02:00:00,0.39482704
2025-05-16 03:00:00,0.4496338
2025-05-16 04:00:00,0.45704335
2025-05-16 05:00:00,0.41301546
2025-05-16 06:00:00,0.33993146
2025-05-16 07:00:00,0.2574694
2025-05-16 08:00:00,0.17801885
2025-05-16 09:00:00,0.11235204
2025-05-16 10:00:00,0.08822079
2025-05-16 11:00:00,0.11749419
2025-05-16 12:00:00,0.20993342
2025-05-16 13:00:00,0.3428744
2025-05-16 14:00:00,0.47906283
2025-05-16 15:00:00,0.59330064
2025-05-16 16:00:00,0.66267186
2025-05-16 17:00:00,0.6603764
2025-05-16 18:00:00,0.5953455
2025-05-16 19:00:00,0.5084513
2025-05-16 20:00:00,0.4139595
2025-05-16 21:00:00,0.32258448
2025-05-16 22:00:00,0.25684178
2025-05-16 23:00:00,0.23207512
2025-05-17 00:00:00,0.24736038
2025-05-17 01:00:00,0.3219234
2025-05-17 02:00:00,0.41006565
2025-05-17 03:00:00,0.48114818
2025-05-17 04:00:00,0.5150932
2025-05-17 05:00:00,0.5034738
2025-05-17 06:00:00,0.44826096
2025-05-17 07:00:00,0.37436476
2025-05-17 08:00:00,0.29387063
2025-05-17 09:00:00,0.2197748
2025-05-17 10:00:00,0.17418046
2025-05-17 11:00:00,0.17335503
2025-05-17 12:00:00,0.21773507
2025-05-17 13:00:00,0.3323716
2025-05-17 14:00:00,0.45975193
2025-05-17 15:00:00,0.58593136
2025-05-17 16:00:00,0.6823441
2025-05-17 17:00:00,0.7224452
2025-05-17 18:00:00,0.6908613
2025-05-17 19:00:00,0.61793166
2025-05-17 20:00:00,0.52779907
2025-05-17 21:00:00,0.43420193
2025-05-17 22:00:00,0.3467696
2025-05-17 23:00:00,0.2883039
2025-05-18 00:00:00,0.26706195
2025-05-18 01:00:00,0.28658488
2025-05-18 02:00:00,0.3652765
2025-05-18 03:00:00,0.44832587
2025-05-18 04:00:00,0.5090315
2025-05-18 05:00:00,0.53237367
2025-05-18 06:00:00,0.5097395
2025-05-18 07:00:00,0.4505481
2025-05-18 08:00:00,0.37620133
2025-05-18 09:00:00,0.29775712
2025-05-18 10:00:00,0.229586
2025-05-18 11:00:00,0.19838008
2025-05-18 12:00:00,0.21145852
2025-05-18 13:00:00,0.27605435
2025-05-18 14:00:00,0.39371952
2025-05-18 15:00:00,0.5236553
2025-05-18 16:00:00,0.6444728
2025-05-18 17:00:00,0.73025113
2025-05-18 18:00:00,0.75344366
2025-05-18 19:00:00,0.7089722
2025-05-18 20:00:00,0.6329054
2025-05-18 21:00:00,0.5443541
2025-05-18 22:00:00,0.45350683
2025-05-18 23:00:00,0.3682599
2025-05-19 00:00:00,0.3058088
2025-05-19 01:00:00,0.27567002
2025-05-19 02:00:00,0.2808538
2025-05-19 03:00:00,0.34190425
2025-05-19 04:00:00,0.4183789
2025-05-19 05:00:00,0.4743162
2025-05-19 06:00:00,0.49593893
2025-05-19 07:00:00,0.47552633
2025-05-19 08:00:00,0.4200388
2025-05-19 09:00:00,0.34976637
2025-05-19 10:00:00,0.27705985
2025-05-19 11:00:00,0.21598023
2025-05-19 12:00:00,0.18896358
2025-05-19 13:00:00,0.20023672
2025-05-19 14:00:00,0.26171923
2025-05-19 15:00:00,0.372735
2025-05-19 16:00:00,0.49051094
2025-05-19 17:00:00,0.5970249
2025-05-19 18:00:00,0.6673892
2025-05-19 19:00:00,0.68386054
2025-05-19 20:00:00,0.63822263
2025-05-19 21:00:00,0.56439894
2025-05-19 22:00:00,0.47882083
2025-05-19 23:00:00,0.3913239
2025-05-20 00:00:00,0.31249452
2025-05-20 01:00:00,0.2564065
2025-05-20 02:00:00,0.23400508
2025-05-20 03:00:00,0.24895856
2025-05-20 04:00:00,0.32147706
2025-05-20 05:00:00,0.40816694
2025-05-20 06:00:00,0.4801205
